
# ===========================================
# URL MIGRATION REDIRECTS (Added 2025-12-17)
# From: /sewa-oksigen-lokasi/rent-oxygen-[state]/sewa-mesin-oksigen-[city]/
# To: /[state]/oxygen-concentrator-[city]/
# ===========================================

# Johor
Redirect 301 /sewa-oksigen-lokasi/rent-oxygen-johor/sewa-mesin-oksigen-batu-pahat /johor/oxygen-concentrator-batu-pahat
Redirect 301 /sewa-oksigen-lokasi/rent-oxygen-johor/sewa-mesin-oksigen-gelang-patah /johor/oxygen-concentrator-gelang-patah
Redirect 301 /sewa-oksigen-lokasi/rent-oxygen-johor/sewa-mesin-oksigen-iskandar-puteri /johor/oxygen-concentrator-iskandar-puteri
Redirect 301 /sewa-oksigen-lokasi/rent-oxygen-johor/sewa-mesin-oksigen-johor-bahru /johor/oxygen-concentrator-johor-bahru
Redirect 301 /sewa-oksigen-lokasi/rent-oxygen-johor/sewa-mesin-oksigen-kluang /johor/oxygen-concentrator-kluang
Redirect 301 /sewa-oksigen-lokasi/rent-oxygen-johor/sewa-mesin-oksigen-kota-tinggi /johor/oxygen-concentrator-kota-tinggi
Redirect 301 /sewa-oksigen-lokasi/rent-oxygen-johor/sewa-mesin-oksigen-kulai /johor/oxygen-concentrator-kulai
Redirect 301 /sewa-oksigen-lokasi/rent-oxygen-johor/sewa-mesin-oksigen-mersing /johor/oxygen-concentrator-mersing
Redirect 301 /sewa-oksigen-lokasi/rent-oxygen-johor/sewa-mesin-oksigen-muar /johor/oxygen-concentrator-muar
Redirect 301 /sewa-oksigen-lokasi/rent-oxygen-johor/sewa-mesin-oksigen-pasir-gudang /johor/oxygen-concentrator-pasir-gudang
Redirect 301 /sewa-oksigen-lokasi/rent-oxygen-johor/sewa-mesin-oksigen-pontian /johor/oxygen-concentrator-pontian
Redirect 301 /sewa-oksigen-lokasi/rent-oxygen-johor/sewa-mesin-oksigen-segamat /johor/oxygen-concentrator-segamat
Redirect 301 /sewa-oksigen-lokasi/rent-oxygen-johor/sewa-mesin-oksigen-skudai /johor/oxygen-concentrator-skudai

# Kedah
Redirect 301 /sewa-oksigen-lokasi/rent-oxygen-kedah/sewa-mesin-oksigen-alor-setar /kedah/oxygen-concentrator-alor-setar
Redirect 301 /sewa-oksigen-lokasi/rent-oxygen-kedah/sewa-mesin-oksigen-baling /kedah/oxygen-concentrator-baling
Redirect 301 /sewa-oksigen-lokasi/rent-oxygen-kedah/sewa-mesin-oksigen-jitra /kedah/oxygen-concentrator-jitra
Redirect 301 /sewa-oksigen-lokasi/rent-oxygen-kedah/sewa-mesin-oksigen-kulim /kedah/oxygen-concentrator-kulim
Redirect 301 /sewa-oksigen-lokasi/rent-oxygen-kedah/sewa-mesin-oksigen-langkawi /kedah/oxygen-concentrator-langkawi
Redirect 301 /sewa-oksigen-lokasi/rent-oxygen-kedah/sewa-mesin-oksigen-pendang /kedah/oxygen-concentrator-pendang
Redirect 301 /sewa-oksigen-lokasi/rent-oxygen-kedah/sewa-mesin-oksigen-sungai-petani /kedah/oxygen-concentrator-sungai-petani
Redirect 301 /sewa-oksigen-lokasi/rent-oxygen-kedah/sewa-mesin-oksigen-yan /kedah/oxygen-concentrator-yan

# Kelantan
Redirect 301 /sewa-oksigen-lokasi/rent-oxygen-kelantan/sewa-mesin-oksigen-bachok /kelantan/oxygen-concentrator-bachok
Redirect 301 /sewa-oksigen-lokasi/rent-oxygen-kelantan/sewa-mesin-oksigen-gua-musang /kelantan/oxygen-concentrator-gua-musang
Redirect 301 /sewa-oksigen-lokasi/rent-oxygen-kelantan/sewa-mesin-oksigen-kota-bharu /kelantan/oxygen-concentrator-kota-bharu
Redirect 301 /sewa-oksigen-lokasi/rent-oxygen-kelantan/sewa-mesin-oksigen-kuala-krai /kelantan/oxygen-concentrator-kuala-krai
Redirect 301 /sewa-oksigen-lokasi/rent-oxygen-kelantan/sewa-mesin-oksigen-machang /kelantan/oxygen-concentrator-machang
Redirect 301 /sewa-oksigen-lokasi/rent-oxygen-kelantan/sewa-mesin-oksigen-pasir-mas /kelantan/oxygen-concentrator-pasir-mas
Redirect 301 /sewa-oksigen-lokasi/rent-oxygen-kelantan/sewa-mesin-oksigen-tanah-merah /kelantan/oxygen-concentrator-tanah-merah
Redirect 301 /sewa-oksigen-lokasi/rent-oxygen-kelantan/sewa-mesin-oksigen-tumpat /kelantan/oxygen-concentrator-tumpat

# Kuala Lumpur
Redirect 301 /sewa-oksigen-lokasi/rent-oxygen-kuala-lumpur/sewa-mesin-oksigen-bangsar /kuala-lumpur/oxygen-concentrator-bangsar
Redirect 301 /sewa-oksigen-lokasi/rent-oxygen-kuala-lumpur/sewa-mesin-oksigen-brickfields /kuala-lumpur/oxygen-concentrator-brickfields
Redirect 301 /sewa-oksigen-lokasi/rent-oxygen-kuala-lumpur/sewa-mesin-oksigen-bukit-bintang /kuala-lumpur/oxygen-concentrator-bukit-bintang
Redirect 301 /sewa-oksigen-lokasi/rent-oxygen-kuala-lumpur/sewa-mesin-oksigen-cheras /kuala-lumpur/oxygen-concentrator-cheras
Redirect 301 /sewa-oksigen-lokasi/rent-oxygen-kuala-lumpur/sewa-mesin-oksigen-jalan-ipoh /kuala-lumpur/oxygen-concentrator-jalan-ipoh
Redirect 301 /sewa-oksigen-lokasi/rent-oxygen-kuala-lumpur/sewa-mesin-oksigen-kepong /kuala-lumpur/oxygen-concentrator-kepong
Redirect 301 /sewa-oksigen-lokasi/rent-oxygen-kuala-lumpur/sewa-mesin-oksigen-mont-kiara /kuala-lumpur/oxygen-concentrator-mont-kiara
Redirect 301 /sewa-oksigen-lokasi/rent-oxygen-kuala-lumpur/sewa-mesin-oksigen-segambut /kuala-lumpur/oxygen-concentrator-segambut
Redirect 301 /sewa-oksigen-lokasi/rent-oxygen-kuala-lumpur/sewa-mesin-oksigen-sentul /kuala-lumpur/oxygen-concentrator-sentul
Redirect 301 /sewa-oksigen-lokasi/rent-oxygen-kuala-lumpur/sewa-mesin-oksigen-setapak /kuala-lumpur/oxygen-concentrator-setapak
Redirect 301 /sewa-oksigen-lokasi/rent-oxygen-kuala-lumpur/sewa-mesin-oksigen-sri-petaling /kuala-lumpur/oxygen-concentrator-sri-petaling
Redirect 301 /sewa-oksigen-lokasi/rent-oxygen-kuala-lumpur/sewa-mesin-oksigen-taman-desa /kuala-lumpur/oxygen-concentrator-taman-desa
Redirect 301 /sewa-oksigen-lokasi/rent-oxygen-kuala-lumpur/sewa-mesin-oksigen-titiwangsa /kuala-lumpur/oxygen-concentrator-titiwangsa

# Labuan
Redirect 301 /sewa-oksigen-lokasi/rent-oxygen-labuan/sewa-mesin-oksigen-layang-layangan /labuan/oxygen-concentrator-layang-layangan
Redirect 301 /sewa-oksigen-lokasi/rent-oxygen-labuan/sewa-mesin-oksigen-rancha-rancha /labuan/oxygen-concentrator-rancha-rancha
Redirect 301 /sewa-oksigen-lokasi/rent-oxygen-labuan/sewa-mesin-oksigen-victoria /labuan/oxygen-concentrator-victoria

# Melaka
Redirect 301 /sewa-oksigen-lokasi/rent-oxygen-melaka/sewa-mesin-oksigen-alor-gajah /melaka/oxygen-concentrator-alor-gajah
Redirect 301 /sewa-oksigen-lokasi/rent-oxygen-melaka/sewa-mesin-oksigen-ayer-keroh /melaka/oxygen-concentrator-ayer-keroh
Redirect 301 /sewa-oksigen-lokasi/rent-oxygen-melaka/sewa-mesin-oksigen-batu-berendam /melaka/oxygen-concentrator-batu-berendam
Redirect 301 /sewa-oksigen-lokasi/rent-oxygen-melaka/sewa-mesin-oksigen-bukit-katil /melaka/oxygen-concentrator-bukit-katil
Redirect 301 /sewa-oksigen-lokasi/rent-oxygen-melaka/sewa-mesin-oksigen-jasin /melaka/oxygen-concentrator-jasin
Redirect 301 /sewa-oksigen-lokasi/rent-oxygen-melaka/sewa-mesin-oksigen-melaka-city /melaka/oxygen-concentrator-melaka-city

# Negeri Sembilan
Redirect 301 /sewa-oksigen-lokasi/rent-oxygen-negeri-sembilan/sewa-mesin-oksigen-bahau /negeri-sembilan/oxygen-concentrator-bahau
Redirect 301 /sewa-oksigen-lokasi/rent-oxygen-negeri-sembilan/sewa-mesin-oksigen-kuala-pilah /negeri-sembilan/oxygen-concentrator-kuala-pilah
Redirect 301 /sewa-oksigen-lokasi/rent-oxygen-negeri-sembilan/sewa-mesin-oksigen-nilai /negeri-sembilan/oxygen-concentrator-nilai
Redirect 301 /sewa-oksigen-lokasi/rent-oxygen-negeri-sembilan/sewa-mesin-oksigen-port-dickson /negeri-sembilan/oxygen-concentrator-port-dickson
Redirect 301 /sewa-oksigen-lokasi/rent-oxygen-negeri-sembilan/sewa-mesin-oksigen-rembau /negeri-sembilan/oxygen-concentrator-rembau
Redirect 301 /sewa-oksigen-lokasi/rent-oxygen-negeri-sembilan/sewa-mesin-oksigen-seremban /negeri-sembilan/oxygen-concentrator-seremban
Redirect 301 /sewa-oksigen-lokasi/rent-oxygen-negeri-sembilan/sewa-mesin-oksigen-tampin /negeri-sembilan/oxygen-concentrator-tampin

# Pahang
Redirect 301 /sewa-oksigen-lokasi/rent-oxygen-pahang/sewa-mesin-oksigen-bentong /pahang/oxygen-concentrator-bentong
Redirect 301 /sewa-oksigen-lokasi/rent-oxygen-pahang/sewa-mesin-oksigen-cameron-highlands /pahang/oxygen-concentrator-cameron-highlands
Redirect 301 /sewa-oksigen-lokasi/rent-oxygen-pahang/sewa-mesin-oksigen-genting-highlands /pahang/oxygen-concentrator-genting-highlands
Redirect 301 /sewa-oksigen-lokasi/rent-oxygen-pahang/sewa-mesin-oksigen-jerantut /pahang/oxygen-concentrator-jerantut
Redirect 301 /sewa-oksigen-lokasi/rent-oxygen-pahang/sewa-mesin-oksigen-kuantan /pahang/oxygen-concentrator-kuantan
Redirect 301 /sewa-oksigen-lokasi/rent-oxygen-pahang/sewa-mesin-oksigen-lipis /pahang/oxygen-concentrator-lipis
Redirect 301 /sewa-oksigen-lokasi/rent-oxygen-pahang/sewa-mesin-oksigen-pekan /pahang/oxygen-concentrator-pekan
Redirect 301 /sewa-oksigen-lokasi/rent-oxygen-pahang/sewa-mesin-oksigen-raub /pahang/oxygen-concentrator-raub
Redirect 301 /sewa-oksigen-lokasi/rent-oxygen-pahang/sewa-mesin-oksigen-rompin /pahang/oxygen-concentrator-rompin
Redirect 301 /sewa-oksigen-lokasi/rent-oxygen-pahang/sewa-mesin-oksigen-temerloh /pahang/oxygen-concentrator-temerloh

# Penang
Redirect 301 /sewa-oksigen-lokasi/rent-oxygen-penang/sewa-mesin-oksigen-air-itam /penang/oxygen-concentrator-air-itam
Redirect 301 /sewa-oksigen-lokasi/rent-oxygen-penang/sewa-mesin-oksigen-balik-pulau /penang/oxygen-concentrator-balik-pulau
Redirect 301 /sewa-oksigen-lokasi/rent-oxygen-penang/sewa-mesin-oksigen-bayan-lepas /penang/oxygen-concentrator-bayan-lepas
Redirect 301 /sewa-oksigen-lokasi/rent-oxygen-penang/sewa-mesin-oksigen-bukit-mertajam /penang/oxygen-concentrator-bukit-mertajam
Redirect 301 /sewa-oksigen-lokasi/rent-oxygen-penang/sewa-mesin-oksigen-butterworth /penang/oxygen-concentrator-butterworth
Redirect 301 /sewa-oksigen-lokasi/rent-oxygen-penang/sewa-mesin-oksigen-gelugor /penang/oxygen-concentrator-gelugor
Redirect 301 /sewa-oksigen-lokasi/rent-oxygen-penang/sewa-mesin-oksigen-george-town /penang/oxygen-concentrator-george-town
Redirect 301 /sewa-oksigen-lokasi/rent-oxygen-penang/sewa-mesin-oksigen-jelutong /penang/oxygen-concentrator-jelutong
Redirect 301 /sewa-oksigen-lokasi/rent-oxygen-penang/sewa-mesin-oksigen-kepala-batas /penang/oxygen-concentrator-kepala-batas
Redirect 301 /sewa-oksigen-lokasi/rent-oxygen-penang/sewa-mesin-oksigen-nibong-tebal /penang/oxygen-concentrator-nibong-tebal
Redirect 301 /sewa-oksigen-lokasi/rent-oxygen-penang/sewa-mesin-oksigen-seberang-perai /penang/oxygen-concentrator-seberang-perai

# Perak
Redirect 301 /sewa-oksigen-lokasi/rent-oxygen-perak/sewa-mesin-oksigen-batu-gajah /perak/oxygen-concentrator-batu-gajah
Redirect 301 /sewa-oksigen-lokasi/rent-oxygen-perak/sewa-mesin-oksigen-gopeng /perak/oxygen-concentrator-gopeng
Redirect 301 /sewa-oksigen-lokasi/rent-oxygen-perak/sewa-mesin-oksigen-ipoh /perak/oxygen-concentrator-ipoh
Redirect 301 /sewa-oksigen-lokasi/rent-oxygen-perak/sewa-mesin-oksigen-kampar /perak/oxygen-concentrator-kampar
Redirect 301 /sewa-oksigen-lokasi/rent-oxygen-perak/sewa-mesin-oksigen-kuala-kangsar /perak/oxygen-concentrator-kuala-kangsar
Redirect 301 /sewa-oksigen-lokasi/rent-oxygen-perak/sewa-mesin-oksigen-sitiawan /perak/oxygen-concentrator-sitiawan
Redirect 301 /sewa-oksigen-lokasi/rent-oxygen-perak/sewa-mesin-oksigen-sungai-petani /perak/oxygen-concentrator-sungai-petani
Redirect 301 /sewa-oksigen-lokasi/rent-oxygen-perak/sewa-mesin-oksigen-taiping /perak/oxygen-concentrator-taiping
Redirect 301 /sewa-oksigen-lokasi/rent-oxygen-perak/sewa-mesin-oksigen-tanjung-malim /perak/oxygen-concentrator-tanjung-malim
Redirect 301 /sewa-oksigen-lokasi/rent-oxygen-perak/sewa-mesin-oksigen-teluk-intan /perak/oxygen-concentrator-teluk-intan

# Perlis
Redirect 301 /sewa-oksigen-lokasi/rent-oxygen-perlis/sewa-mesin-oksigen-arau /perlis/oxygen-concentrator-arau
Redirect 301 /sewa-oksigen-lokasi/rent-oxygen-perlis/sewa-mesin-oksigen-kangar /perlis/oxygen-concentrator-kangar
Redirect 301 /sewa-oksigen-lokasi/rent-oxygen-perlis/sewa-mesin-oksigen-kuala-perlis /perlis/oxygen-concentrator-kuala-perlis
Redirect 301 /sewa-oksigen-lokasi/rent-oxygen-perlis/sewa-mesin-oksigen-padang-besar /perlis/oxygen-concentrator-padang-besar

# Sabah
Redirect 301 /sewa-oksigen-lokasi/rent-oxygen-sabah/sewa-mesin-oksigen-beaufort /sabah/oxygen-concentrator-beaufort
Redirect 301 /sewa-oksigen-lokasi/rent-oxygen-sabah/sewa-mesin-oksigen-keningau /sabah/oxygen-concentrator-keningau
Redirect 301 /sewa-oksigen-lokasi/rent-oxygen-sabah/sewa-mesin-oksigen-kota-kinabalu /sabah/oxygen-concentrator-kota-kinabalu
Redirect 301 /sewa-oksigen-lokasi/rent-oxygen-sabah/sewa-mesin-oksigen-kudat /sabah/oxygen-concentrator-kudat
Redirect 301 /sewa-oksigen-lokasi/rent-oxygen-sabah/sewa-mesin-oksigen-kunak /sabah/oxygen-concentrator-kunak
Redirect 301 /sewa-oksigen-lokasi/rent-oxygen-sabah/sewa-mesin-oksigen-lahad-datu /sabah/oxygen-concentrator-lahad-datu
Redirect 301 /sewa-oksigen-lokasi/rent-oxygen-sabah/sewa-mesin-oksigen-papar /sabah/oxygen-concentrator-papar
Redirect 301 /sewa-oksigen-lokasi/rent-oxygen-sabah/sewa-mesin-oksigen-ranau /sabah/oxygen-concentrator-ranau
Redirect 301 /sewa-oksigen-lokasi/rent-oxygen-sabah/sewa-mesin-oksigen-sandakan /sabah/oxygen-concentrator-sandakan
Redirect 301 /sewa-oksigen-lokasi/rent-oxygen-sabah/sewa-mesin-oksigen-semporna /sabah/oxygen-concentrator-semporna
Redirect 301 /sewa-oksigen-lokasi/rent-oxygen-sabah/sewa-mesin-oksigen-tawau /sabah/oxygen-concentrator-tawau
Redirect 301 /sewa-oksigen-lokasi/rent-oxygen-sabah/sewa-mesin-oksigen-tuaran /sabah/oxygen-concentrator-tuaran

# Sarawak
Redirect 301 /sewa-oksigen-lokasi/rent-oxygen-sarawak/sewa-mesin-oksigen-betong /sarawak/oxygen-concentrator-betong
Redirect 301 /sewa-oksigen-lokasi/rent-oxygen-sarawak/sewa-mesin-oksigen-bintulu /sarawak/oxygen-concentrator-bintulu
Redirect 301 /sewa-oksigen-lokasi/rent-oxygen-sarawak/sewa-mesin-oksigen-kapit /sarawak/oxygen-concentrator-kapit
Redirect 301 /sewa-oksigen-lokasi/rent-oxygen-sarawak/sewa-mesin-oksigen-kuching /sarawak/oxygen-concentrator-kuching
Redirect 301 /sewa-oksigen-lokasi/rent-oxygen-sarawak/sewa-mesin-oksigen-lawas /sarawak/oxygen-concentrator-lawas
Redirect 301 /sewa-oksigen-lokasi/rent-oxygen-sarawak/sewa-mesin-oksigen-limbang /sarawak/oxygen-concentrator-limbang
Redirect 301 /sewa-oksigen-lokasi/rent-oxygen-sarawak/sewa-mesin-oksigen-miri /sarawak/oxygen-concentrator-miri
Redirect 301 /sewa-oksigen-lokasi/rent-oxygen-sarawak/sewa-mesin-oksigen-mukah /sarawak/oxygen-concentrator-mukah
Redirect 301 /sewa-oksigen-lokasi/rent-oxygen-sarawak/sewa-mesin-oksigen-saratok /sarawak/oxygen-concentrator-saratok
Redirect 301 /sewa-oksigen-lokasi/rent-oxygen-sarawak/sewa-mesin-oksigen-sarikei /sarawak/oxygen-concentrator-sarikei
Redirect 301 /sewa-oksigen-lokasi/rent-oxygen-sarawak/sewa-mesin-oksigen-sibu /sarawak/oxygen-concentrator-sibu
Redirect 301 /sewa-oksigen-lokasi/rent-oxygen-sarawak/sewa-mesin-oksigen-sri-aman /sarawak/oxygen-concentrator-sri-aman

# Selangor
Redirect 301 /sewa-oksigen-lokasi/rent-oxygen-selangor/sewa-mesin-oksigen-ampang /selangor/oxygen-concentrator-ampang
Redirect 301 /sewa-oksigen-lokasi/rent-oxygen-selangor/sewa-mesin-oksigen-bangi /selangor/oxygen-concentrator-bangi
Redirect 301 /sewa-oksigen-lokasi/rent-oxygen-selangor/sewa-mesin-oksigen-cyberjaya /selangor/oxygen-concentrator-cyberjaya
Redirect 301 /sewa-oksigen-lokasi/rent-oxygen-selangor/sewa-mesin-oksigen-kajang /selangor/oxygen-concentrator-kajang
Redirect 301 /sewa-oksigen-lokasi/rent-oxygen-selangor/sewa-mesin-oksigen-klang /selangor/oxygen-concentrator-klang
Redirect 301 /sewa-oksigen-lokasi/rent-oxygen-selangor/sewa-mesin-oksigen-petaling-jaya /selangor/oxygen-concentrator-petaling-jaya
Redirect 301 /sewa-oksigen-lokasi/rent-oxygen-selangor/sewa-mesin-oksigen-puchong /selangor/oxygen-concentrator-puchong
Redirect 301 /sewa-oksigen-lokasi/rent-oxygen-selangor/sewa-mesin-oksigen-putrajaya /selangor/oxygen-concentrator-putrajaya
Redirect 301 /sewa-oksigen-lokasi/rent-oxygen-selangor/sewa-mesin-oksigen-rawang /selangor/oxygen-concentrator-rawang
Redirect 301 /sewa-oksigen-lokasi/rent-oxygen-selangor/sewa-mesin-oksigen-selayang /selangor/oxygen-concentrator-selayang
Redirect 301 /sewa-oksigen-lokasi/rent-oxygen-selangor/sewa-mesin-oksigen-semenyih /selangor/oxygen-concentrator-semenyih
Redirect 301 /sewa-oksigen-lokasi/rent-oxygen-selangor/sewa-mesin-oksigen-sepang /selangor/oxygen-concentrator-sepang
Redirect 301 /sewa-oksigen-lokasi/rent-oxygen-selangor/sewa-mesin-oksigen-serdang /selangor/oxygen-concentrator-serdang
Redirect 301 /sewa-oksigen-lokasi/rent-oxygen-selangor/sewa-mesin-oksigen-shah-alam /selangor/oxygen-concentrator-shah-alam
Redirect 301 /sewa-oksigen-lokasi/rent-oxygen-selangor/sewa-mesin-oksigen-subang-jaya /selangor/oxygen-concentrator-subang-jaya

# Terengganu
Redirect 301 /sewa-oksigen-lokasi/rent-oxygen-terengganu/sewa-mesin-oksigen-besut /terengganu/oxygen-concentrator-besut
Redirect 301 /sewa-oksigen-lokasi/rent-oxygen-terengganu/sewa-mesin-oksigen-dungun /terengganu/oxygen-concentrator-dungun
Redirect 301 /sewa-oksigen-lokasi/rent-oxygen-terengganu/sewa-mesin-oksigen-hulu-terengganu /terengganu/oxygen-concentrator-hulu-terengganu
Redirect 301 /sewa-oksigen-lokasi/rent-oxygen-terengganu/sewa-mesin-oksigen-kemaman /terengganu/oxygen-concentrator-kemaman
Redirect 301 /sewa-oksigen-lokasi/rent-oxygen-terengganu/sewa-mesin-oksigen-kuala-terengganu /terengganu/oxygen-concentrator-kuala-terengganu
Redirect 301 /sewa-oksigen-lokasi/rent-oxygen-terengganu/sewa-mesin-oksigen-marang /terengganu/oxygen-concentrator-marang
Redirect 301 /sewa-oksigen-lokasi/rent-oxygen-terengganu/sewa-mesin-oksigen-setiu /terengganu/oxygen-concentrator-setiu

